{"materials":{"albedo":{"blue":1,"green":0.9712719321250916,"red":0.41965851187705994},"defaultFallthrough":false,"metallic":0.25,"model":"hifi_pbr","name":"Material.002","normalMap":"materialTextures/145/Material_3.texmeta.json","opacity":0.10000002384185791,"roughness":0.0313725471496582}}