{"materials":[{"albedo":{"blue":0.349901407957077,"green":0.3396095931529999,"red":0.3737669587135315},"defaultFallthrough":false,"metallic":0.14731353521347046,"model":"hifi_pbr","name":"Fan-Metal","roughness":0.9039215445518494},{"albedo":{"blue":0.08855525404214859,"green":0.08855525404214859,"red":0.08855525404214859},"defaultFallthrough":false,"metallic":1,"model":"hifi_pbr","name":"Dark-Paint","roughness":0.9039215445518494},{"albedo":{"blue":0.6400046944618225,"green":0.6400046944618225,"red":0.6400046944618225},"defaultFallthrough":false,"metallic":0.0715968906879425,"model":"hifi_pbr","name":"Fan-DullGray","roughness":0.9039215445518494}]}