{"materials":[{"albedo":{"blue":1,"green":1,"red":1},"defaultFallthrough":false,"model":"hifi_pbr","name":"Material.001","roughness":0.6627451181411743},{"albedo":{"blue":0.800002932548523,"green":0.800002932548523,"red":0.36785465478897095},"defaultFallthrough":false,"metallic":1,"model":"hifi_pbr","name":"glassEdge","roughness":0.013725519180297852},{"albedo":{"blue":0.7742733359336853,"green":0.6021198630332947,"red":0.4203895628452301},"defaultFallthrough":false,"metallic":1,"model":"hifi_pbr","name":"clearGlass","opacity":0.3093525171279907,"roughness":0.2019607424736023},{"albedo":{"blue":0.5277233123779297,"green":0.4270831048488617,"red":0.2344251573085785},"defaultFallthrough":false,"metallic":1,"model":"hifi_pbr","name":"glass","opacity":0.6402877569198608,"roughness":0.1294117569923401}]}