{"materials":[{"albedo":{"blue":0.8000028729438782,"green":0.8000028729438782,"red":0.8000028729438782},"defaultFallthrough":false,"model":"hifi_pbr","name":"Material.001","roughness":0.6627451181411743},{"albedo":{"blue":0.6400046944618225,"green":0.6400046944618225,"red":0.29428496956825256},"defaultFallthrough":false,"metallic":1,"model":"hifi_pbr","name":"glassEdge","roughness":0.013725519180297852},{"albedo":{"blue":0.6194210052490234,"green":0.481697678565979,"red":0.33631303906440735},"defaultFallthrough":false,"metallic":1,"model":"hifi_pbr","name":"clearGlass","opacity":0.3093525171279907,"roughness":0.2019607424736023},{"albedo":{"blue":0.42218026518821716,"green":0.34166789054870605,"red":0.18754103779792786},"defaultFallthrough":false,"metallic":1,"model":"hifi_pbr","name":"glass","opacity":0.6402877569198608,"roughness":0.1294117569923401}]}