{"materials":[{"albedo":{"blue":0.28707799315452576,"green":0.28707799315452576,"red":0.28707799315452576},"defaultFallthrough":false,"glossMap":"materialTextures/7/grayscale-noise_7.texmeta.json","metallic":0.5277177691459656,"model":"hifi_pbr","name":"metal-brushed","roughness":0.46078431606292725},{"albedo":{"blue":0.8275585174560547,"green":0.8275585174560547,"red":0.8275585174560547},"defaultFallthrough":false,"metallic":1,"model":"hifi_pbr","name":"glass","opacity":0.5,"roughness":0.056862711906433105}]}