{"materials":{"albedo":{"blue":0.5684488415718079,"green":0.45995599031448364,"red":0.1679837703704834},"defaultFallthrough":false,"metallic":1,"model":"hifi_pbr","name":"Material.001","opacity":0.7266187071800232,"roughness":0.1294117569923401}}