{"materials":{"albedo":{"blue":0.8000028729438782,"green":0,"red":0.8000028729438782},"defaultFallthrough":false,"metallic":0.5,"model":"hifi_pbr","name":"phong1","roughness":0.800000011920929}}