{"materials":[{"albedo":{"blue":1,"green":0.9875820279121399,"red":1},"defaultFallthrough":false,"metallic":0.017387619242072105,"model":"hifi_pbr","name":"white","roughness":0.5901960730552673},{"albedo":{"blue":1,"green":0.21749553084373474,"red":0.18833938241004944},"defaultFallthrough":false,"model":"hifi_pbr","name":"blue","roughness":0.9901960492134094},{"albedo":{"blue":0.08630452305078506,"green":1,"red":0.9255011081695557},"defaultFallthrough":false,"model":"hifi_pbr","name":"yellow","roughness":0.2745097875595093}]}