{
  "DataVersion": 0,
  "Entities": [
    {
    "id": "{cf7212d1-eea0-4bc2-ba0b-f78fca0ee032}",
    "type": "Text",
    "lastEdited": 1573172621474589,
    "name": "Away-Sign",
    "description": "Edit the text below as needed and delete the sign when you finish using it",
    "position": {
        "x": 0.020759105682373047,
        "y": 0.20136591792106628,
        "z": 0.0602724552154541
    },
    "dimensions": {
        "x": 0.9936670660972595,
        "y": 0.17973965406417847,
        "z": 0.009999999776482582
    },
    "rotation": {
        "x": -0.0000457763671875,
        "y": 0.8141145706176758,
        "z": -0.0000457763671875,
        "w": 0.5806820392608643
    },
    "created": 1573172607702801,
    "lastEditedBy": "{6c8ba29e-4522-4ebd-96c1-39e9d90cf205}",
    "queryAACube": {
        "x": -0.4841618537902832,
        "y": -0.30355504155158997,
        "z": -0.44464850425720215,
        "scale": 1.0098419189453125
    },
    "grab": {
        "grabbable": false,
        "equippableLeftRotation": {
            "x": -0.0000152587890625,
            "y": -0.0000152587890625,
            "z": -0.0000152587890625,
            "w": 1
        },
        "equippableRightRotation": {
            "x": -0.0000152587890625,
            "y": -0.0000152587890625,
            "z": -0.0000152587890625,
            "w": 1
        }
    },
    "damping": 0,
    "angularDamping": 0,
    "collisionMask": 23,
    "collidesWith": "static,dynamic,kinematic,otherAvatar,",
    "text": "We'll be right back!",
    "lineHeight": 0.12300000339746475,
    "textColor": {
        "red": 235,
        "green": 0,
        "blue": 192
    },
    "backgroundAlpha": 0,
    "leftMargin": 0.03999999910593033,
    "topMargin": 0.029999999329447746,
    "unlit": true,
    "clientOnly": false,
    "avatarEntity": false,
    "localEntity": false,
    "faceCamera": false,
    "isFacingAvatar": false
},
    {
    "id": "{1e162d25-42c2-448b-b8fd-c12b31c3eb37}",
    "type": "Text",
    "lastEdited": 1573172607706088,
    "name": "Away-Sign",
    "description": "Edit the text below as needed and delete the sign when you finish using it",
    "dimensions": {
        "x": 1.1211738586425781,
        "y": 0.30000001192092896,
        "z": 0.009999999776482582
    },
    "rotation": {
        "x": -0.0000457763671875,
        "y": 0.8141145706176758,
        "z": -0.0000457763671875,
        "w": 0.5806820392608643
    },
    "created": 1573172607702936,
    "lastEditedBy": "{6c8ba29e-4522-4ebd-96c1-39e9d90cf205}",
    "queryAACube": {
        "x": -0.5803298354148865,
        "y": -0.5803298354148865,
        "z": -0.5803298354148865,
        "scale": 1.160659670829773
    },
    "grab": {
        "grabbable": false,
        "equippableLeftRotation": {
            "x": -0.0000152587890625,
            "y": -0.0000152587890625,
            "z": -0.0000152587890625,
            "w": 1
        },
        "equippableRightRotation": {
            "x": -0.0000152587890625,
            "y": -0.0000152587890625,
            "z": -0.0000152587890625,
            "w": 1
        }
    },
    "damping": 0,
    "angularDamping": 0,
    "collisionMask": 23,
    "collidesWith": "static,dynamic,kinematic,otherAvatar,",
    "text": "Live support chat is available on highfidelity.com",
    "lineHeight": 0.09399999678134918,
    "textColor": {
        "red": 0,
        "green": 0,
        "blue": 0
    },
    "backgroundAlpha": 0,
    "leftMargin": 0.03999999910593033,
    "topMargin": 0.029999999329447746,
    "unlit": true,
    "clientOnly": false,
    "avatarEntity": false,
    "localEntity": false,
    "faceCamera": false,
    "isFacingAvatar": false
}
    ],
  "Id": "{f81b371d-0b5d-4d77-a448-b8723cd0f9de}",
  "Version": 125
}
