{"materials":{"albedo":{"blue":0.13336306810379028,"green":0.15214496850967407,"red":0.15103062987327576},"defaultFallthrough":false,"metallic":1,"model":"hifi_pbr","name":"Material.001","opacity":0.8660284280776978,"roughness":0}}