{"materials":[{"albedo":{"blue":0.4909861087799072,"green":0.4909861087799072,"red":0.4909861087799072},"defaultFallthrough":false,"metallic":0.14239992201328278,"model":"hifi_pbr","name":"Material.001","roughness":0.5098038911819458},{"albedo":{"blue":1,"green":1,"red":1},"defaultFallthrough":false,"emissive":{"blue":1,"green":1,"red":1},"model":"hifi_pbr","name":"white-emit","roughness":0.9039215445518494}]}